Mark;Price(USD);Link
Chery Tiggo 2 2020;https://auto.ria.com/newauto/auto-chery-tiggo-2-1843215.html;12 900 $
Chery TIggo 8 2020;https://auto.ria.com/newauto/auto-chery-tiggo-8-1844945.html;22 000 $
Chery TIggo 8 2020;https://auto.ria.com/newauto/auto-chery-tiggo-8-1836955.html;23 500 $
Chery Tiggo 4 2020;https://auto.ria.com/newauto/auto-chery-tiggo-4-1845729.html;13 900 $
Chery Tiggo 2 2020;https://auto.ria.com/newauto/auto-chery-tiggo-2-1845053.html;10 900 $
Chery TIggo 8 2020;https://auto.ria.com/newauto/auto-chery-tiggo-8-1840976.html;23 100 $
Chery TIggo 8 2020;https://auto.ria.com/newauto/auto-chery-tiggo-8-1834795.html;23 500 $
Chery Tiggo 2 2020;https://auto.ria.com/newauto/auto-chery-tiggo-2-1845061.html;13 000 $
Chery Tiggo 2 2020;https://auto.ria.com/newauto/auto-chery-tiggo-2-1844684.html;13 000 $
Chery Tiggo 7 2019;https://auto.ria.com/newauto/auto-chery-tiggo-7-1822145.html;16 100 $
Chery Tiggo 3 2020;https://auto.ria.com/newauto/auto-chery-tiggo-3-1840193.html;13 400 $
Chery Tiggo 4 2020;https://auto.ria.com/newauto/auto-chery-tiggo-4-1846598.html;15 500 $
Chery TIggo 8 2020;https://auto.ria.com/newauto/auto-chery-tiggo-8-1812796.html;20 500 $
Chery Tiggo 2 2020;https://auto.ria.com/newauto/auto-chery-tiggo-2-1845208.html;10 900 $
Chery TIggo 8 2020;https://auto.ria.com/newauto/auto-chery-tiggo-8-1843073.html;22 000 $
Chery Tiggo 2 2020;https://auto.ria.com/newauto/auto-chery-tiggo-2-1834903.html;10 900 $
Chery Tiggo 2 2020;https://auto.ria.com/newauto/auto-chery-tiggo-2-1845057.html;12 200 $
Chery Tiggo 2 2020;https://auto.ria.com/newauto/auto-chery-tiggo-2-1845922.html;12 900 $
Chery TIggo 8 2020;https://auto.ria.com/newauto/auto-chery-tiggo-8-1833688.html;22 000 $
Chery Tiggo 2 2020;https://auto.ria.com/newauto/auto-chery-tiggo-2-1820406.html;14 000 $
Chery Tiggo 2 2020;https://auto.ria.com/newauto/auto-chery-tiggo-2-1837629.html;12 200 $
Chery Tiggo 2 2020;https://auto.ria.com/newauto/auto-chery-tiggo-2-1811661.html;13 000 $
Chery TIggo 8 2020;https://auto.ria.com/newauto/auto-chery-tiggo-8-1845263.html;23 500 $
Chery TIggo 8 2020;https://auto.ria.com/newauto/auto-chery-tiggo-8-1844704.html;22 000 $
Chery TIggo 8 2020;https://auto.ria.com/newauto/auto-chery-tiggo-8-1839618.html;22 000 $
Chery TIggo 8 2020;https://auto.ria.com/newauto/auto-chery-tiggo-8-1835633.html;24 000 $
Chery Tiggo 2 2020;https://auto.ria.com/newauto/auto-chery-tiggo-2-1819187.html;10 900 $
Chery Tiggo 4 2018;https://auto.ria.com/newauto/auto-chery-tiggo-4-1821665.html;17 300 $
Chery Tiggo 3 2020;https://auto.ria.com/newauto/auto-chery-tiggo-3-1836847.html;13 400 $
Chery Tiggo 4 2018;https://auto.ria.com/newauto/auto-chery-tiggo-4-1822777.html;17 300 $
Chery Tiggo 2 2020;https://auto.ria.com/newauto/auto-chery-tiggo-2-1839705.html;14 000 $
Chery Tiggo 2 2020;https://auto.ria.com/newauto/auto-chery-tiggo-2-1845686.html;12 900 $
Chery Tiggo 2 2020;https://auto.ria.com/newauto/auto-chery-tiggo-2-1780480.html;13 000 $
Chery Tiggo 4 2020;https://auto.ria.com/newauto/auto-chery-tiggo-4-1847609.html;15 500 $
Chery TIggo 8 2020;https://auto.ria.com/newauto/auto-chery-tiggo-8-1839636.html;23 500 $
Chery Tiggo 2 2020;https://auto.ria.com/newauto/auto-chery-tiggo-2-1845619.html;12 900 $
Chery Tiggo 2 2020;https://auto.ria.com/newauto/auto-chery-tiggo-2-1845762.html;12 900 $
Chery TIggo 8 2020;https://auto.ria.com/newauto/auto-chery-tiggo-8-1843515.html;22 000 $
Chery Tiggo 2 2020;https://auto.ria.com/newauto/auto-chery-tiggo-2-1834615.html;12 200 $
Chery Tiggo 2 2020;https://auto.ria.com/newauto/auto-chery-tiggo-2-1846553.html;12 900 $
Chery TIggo 8 2020;https://auto.ria.com/newauto/auto-chery-tiggo-8-1841437.html;22 000 $
Chery TIggo 8 2020;https://auto.ria.com/newauto/auto-chery-tiggo-8-1810227.html;20 500 $
Chery TIggo 8 2020;https://auto.ria.com/newauto/auto-chery-tiggo-8-1841765.html;20 500 $
Chery Tiggo 2 2020;https://auto.ria.com/newauto/auto-chery-tiggo-2-1838010.html;10 900 $
Chery TIggo 8 2020;https://auto.ria.com/newauto/auto-chery-tiggo-8-1844729.html;20 500 $
Chery Tiggo 2 2020;https://auto.ria.com/newauto/auto-chery-tiggo-2-1833221.html;13 000 $
Chery Tiggo 4 2020;https://auto.ria.com/newauto/auto-chery-tiggo-4-1847674.html;15 500 $
Chery Tiggo 4 2020;https://auto.ria.com/newauto/auto-chery-tiggo-4-1847688.html;13 900 $
Chery TIggo 8 2020;https://auto.ria.com/newauto/auto-chery-tiggo-8-1843845.html;22 000 $
Chery TIggo 8 2020;https://auto.ria.com/newauto/auto-chery-tiggo-8-1835388.html;23 500 $
Chery Tiggo 7 2020;https://auto.ria.com/newauto/auto-chery-tiggo-7-1844988.html;16 100 $
Chery Tiggo 2 2020;https://auto.ria.com/newauto/auto-chery-tiggo-2-1841092.html;14 000 $
Chery Tiggo 7 2020;https://auto.ria.com/newauto/auto-chery-tiggo-7-1844989.html;19 300 $
Chery Tiggo 2 2020;https://auto.ria.com/newauto/auto-chery-tiggo-2-1774959.html;14 000 $
Chery Tiggo 2 2020;https://auto.ria.com/newauto/auto-chery-tiggo-2-1832562.html;14 000 $
Chery TIggo 8 2020;https://auto.ria.com/newauto/auto-chery-tiggo-8-1836532.html;24 000 $
Chery Tiggo 2 2020;https://auto.ria.com/newauto/auto-chery-tiggo-2-1843087.html;12 900 $
Chery Tiggo 4 2020;https://auto.ria.com/newauto/auto-chery-tiggo-4-1845580.html;13 900 $
Chery Tiggo 2 2020;https://auto.ria.com/newauto/auto-chery-tiggo-2-1840097.html;10 900 $
Chery TIggo 8 2019;https://auto.ria.com/newauto/auto-chery-tiggo-8-1815264.html;19 300 $
Chery TIggo 8 2019;https://auto.ria.com/newauto/auto-chery-tiggo-8-1844740.html;21 600 $
Chery TIggo 8 2020;https://auto.ria.com/newauto/auto-chery-tiggo-8-1811775.html;23 100 $
Chery Tiggo 2 2020;https://auto.ria.com/newauto/auto-chery-tiggo-2-1845091.html;10 900 $
Chery TIggo 8 2020;https://auto.ria.com/newauto/auto-chery-tiggo-8-1834559.html;23 500 $
Chery Tiggo 4 2020;https://auto.ria.com/newauto/auto-chery-tiggo-4-1845581.html;15 500 $
Chery Tiggo 2 2020;https://auto.ria.com/newauto/auto-chery-tiggo-2-1832129.html;12 200 $
Chery Tiggo 2 2020;https://auto.ria.com/newauto/auto-chery-tiggo-2-1845579.html;12 900 $
Chery TIggo 8 2020;https://auto.ria.com/newauto/auto-chery-tiggo-8-1832126.html;23 500 $
Chery TIggo 8 2019;https://auto.ria.com/newauto/auto-chery-tiggo-8-1838064.html;21 600 $
Chery Tiggo 2 2020;https://auto.ria.com/newauto/auto-chery-tiggo-2-1788112.html;12 200 $
Chery TIggo 8 2020;https://auto.ria.com/newauto/auto-chery-tiggo-8-1816928.html;22 000 $
Chery Tiggo 2 2020;https://auto.ria.com/newauto/auto-chery-tiggo-2-1846220.html;12 900 $
Chery Tiggo 2 2020;https://auto.ria.com/newauto/auto-chery-tiggo-2-1846341.html;10 900 $
Chery Tiggo 2 2020;https://auto.ria.com/newauto/auto-chery-tiggo-2-1832570.html;13 000 $
Chery Tiggo 3 2020;https://auto.ria.com/newauto/auto-chery-tiggo-3-1838095.html;13 400 $
Chery Tiggo 2 2020;https://auto.ria.com/newauto/auto-chery-tiggo-2-1841035.html;13 000 $
Chery Tiggo 2 2020;https://auto.ria.com/newauto/auto-chery-tiggo-2-1838012.html;14 000 $
Chery Tiggo 2 2020;https://auto.ria.com/newauto/auto-chery-tiggo-2-1789213.html;13 000 $
Chery Tiggo 2 2020;https://auto.ria.com/newauto/auto-chery-tiggo-2-1775089.html;14 000 $
Chery Tiggo 2 2020;https://auto.ria.com/newauto/auto-chery-tiggo-2-1835387.html;10 900 $
Chery Tiggo 2 2020;https://auto.ria.com/newauto/auto-chery-tiggo-2-1846991.html;12 900 $
Chery TIggo 8 2019;https://auto.ria.com/newauto/auto-chery-tiggo-8-1844744.html;21 600 $
Chery Tiggo 2 2020;https://auto.ria.com/newauto/auto-chery-tiggo-2-1838009.html;12 200 $
Chery TIggo 8 2020;https://auto.ria.com/newauto/auto-chery-tiggo-8-1815117.html;20 500 $
Chery Tiggo 2 2020;https://auto.ria.com/newauto/auto-chery-tiggo-2-1838094.html;13 000 $
Chery TIggo 8 2020;https://auto.ria.com/newauto/auto-chery-tiggo-8-1842468.html;20 500 $
Chery Tiggo 3 2020;https://auto.ria.com/newauto/auto-chery-tiggo-3-1780483.html;13 400 $
Chery Tiggo 3 2020;https://auto.ria.com/newauto/auto-chery-tiggo-3-1788673.html;13 400 $
Chery Tiggo 7 2020;https://auto.ria.com/newauto/auto-chery-tiggo-7-1847069.html;16 100 $
Chery Tiggo 2 2020;https://auto.ria.com/newauto/auto-chery-tiggo-2-1788756.html;13 000 $
Chery TIggo 8 2020;https://auto.ria.com/newauto/auto-chery-tiggo-8-1840862.html;20 500 $
Chery TIggo 8 2020;https://auto.ria.com/newauto/auto-chery-tiggo-8-1841766.html;22 000 $
Chery TIggo 8 2020;https://auto.ria.com/newauto/auto-chery-tiggo-8-1813573.html;22 000 $
Chery Tiggo 2 2020;https://auto.ria.com/newauto/auto-chery-tiggo-2-1840301.html;13 000 $
Chery Tiggo 2 2020;https://auto.ria.com/newauto/auto-chery-tiggo-2-1841093.html;12 200 $
Chery Tiggo 3 2020;https://auto.ria.com/newauto/auto-chery-tiggo-3-1842603.html;13 400 $
Chery TIggo 8 2020;https://auto.ria.com/newauto/auto-chery-tiggo-8-1842731.html;22 000 $
Chery Tiggo 2 2020;https://auto.ria.com/newauto/auto-chery-tiggo-2-1840302.html;14 000 $
Chery TIggo 8 2020;https://auto.ria.com/newauto/auto-chery-tiggo-8-1833480.html;22 000 $
Chery Tiggo 2 2020;https://auto.ria.com/newauto/auto-chery-tiggo-2-1825607.html;13 000 $
Chery Tiggo 2 2020;https://auto.ria.com/newauto/auto-chery-tiggo-2-1825601.html;12 200 $
Chery Tiggo 2 2020;https://auto.ria.com/newauto/auto-chery-tiggo-2-1825564.html;14 000 $
Chery Tiggo 7 2019;https://auto.ria.com/newauto/auto-chery-tiggo-7-1825617.html;16 100 $
Chery Tiggo 3 2020;https://auto.ria.com/newauto/auto-chery-tiggo-3-1841085.html;13 400 $
Chery Tiggo 7 2019;https://auto.ria.com/newauto/auto-chery-tiggo-7-1825610.html;16 100 $
Chery Tiggo 7 2019;https://auto.ria.com/newauto/auto-chery-tiggo-7-1825612.html;19 300 $
Chery Tiggo 2 2020;https://auto.ria.com/newauto/auto-chery-tiggo-2-1825604.html;12 200 $
Chery Tiggo 3 2020;https://auto.ria.com/newauto/auto-chery-tiggo-3-1825631.html;13 400 $
Chery Tiggo 4 2020;https://auto.ria.com/newauto/auto-chery-tiggo-4-1845498.html;13 900 $
Chery TIggo 8 2020;https://auto.ria.com/newauto/auto-chery-tiggo-8-1825629.html;22 000 $
Chery Tiggo 7 2019;https://auto.ria.com/newauto/auto-chery-tiggo-7-1825614.html;16 100 $
Chery Tiggo 7 2019;https://auto.ria.com/newauto/auto-chery-tiggo-7-1825618.html;19 300 $
Chery TIggo 8 2020;https://auto.ria.com/newauto/auto-chery-tiggo-8-1825628.html;22 000 $
Chery Tiggo 7 2019;https://auto.ria.com/newauto/auto-chery-tiggo-7-1825613.html;19 300 $
Chery Tiggo 3 2020;https://auto.ria.com/newauto/auto-chery-tiggo-3-1832127.html;13 400 $
Chery TIggo 8 2020;https://auto.ria.com/newauto/auto-chery-tiggo-8-1825624.html;20 500 $
Chery Tiggo 2 2020;https://auto.ria.com/newauto/auto-chery-tiggo-2-1825605.html;14 000 $
Chery Tiggo 2 2020;https://auto.ria.com/newauto/auto-chery-tiggo-2-1825606.html;14 000 $
Chery Tiggo 4 2020;https://auto.ria.com/newauto/auto-chery-tiggo-4-1845500.html;15 500 $
Chery TIggo 8 2020;https://auto.ria.com/newauto/auto-chery-tiggo-8-1811473.html;20 500 $
Chery Tiggo 2 2020;https://auto.ria.com/newauto/auto-chery-tiggo-2-1808736.html;10 900 $
Chery TIggo 8 2020;https://auto.ria.com/newauto/auto-chery-tiggo-8-1840214.html;23 500 $
Chery TIggo 8 2020;https://auto.ria.com/newauto/auto-chery-tiggo-8-1844930.html;22 000 $
Chery Tiggo 4 2020;https://auto.ria.com/newauto/auto-chery-tiggo-4-1844911.html;15 500 $
Chery Tiggo 2 2020;https://auto.ria.com/newauto/auto-chery-tiggo-2-1820955.html;12 200 $
Chery Tiggo 7 2020;https://auto.ria.com/newauto/auto-chery-tiggo-7-1847583.html;16 100 $
Chery TIggo 8 2020;https://auto.ria.com/newauto/auto-chery-tiggo-8-1843308.html;22 000 $
Chery TIggo 8 2020;https://auto.ria.com/newauto/auto-chery-tiggo-8-1811474.html;22 000 $
Chery Tiggo 2 2020;https://auto.ria.com/newauto/auto-chery-tiggo-2-1821084.html;14 000 $
Chery Tiggo 2 2020;https://auto.ria.com/newauto/auto-chery-tiggo-2-1842401.html;12 900 $
Chery Tiggo 3 2020;https://auto.ria.com/newauto/auto-chery-tiggo-3-1675126.html;13 400 $
Chery Tiggo 7 2020;https://auto.ria.com/newauto/auto-chery-tiggo-7-1722460.html;16 100 $
Chery Tiggo 2 2020;https://auto.ria.com/newauto/auto-chery-tiggo-2-1739242.html;12 200 $
Chery Tiggo 2 2020;https://auto.ria.com/newauto/auto-chery-tiggo-2-1714780.html;14 000 $
Chery Tiggo 2 2020;https://auto.ria.com/newauto/auto-chery-tiggo-2-1820954.html;10 900 $
Chery Tiggo 2 2020;https://auto.ria.com/newauto/auto-chery-tiggo-2-1845135.html;12 900 $
Chery TIggo 8 2020;https://auto.ria.com/newauto/auto-chery-tiggo-8-1836091.html;23 100 $
Chery TIggo 8 2020;https://auto.ria.com/newauto/auto-chery-tiggo-8-1832372.html;23 500 $
Chery TIggo 8 2020;https://auto.ria.com/newauto/auto-chery-tiggo-8-1833686.html;22 000 $
Chery TIggo 8 2020;https://auto.ria.com/newauto/auto-chery-tiggo-8-1838936.html;22 000 $
Chery Tiggo 2 2020;https://auto.ria.com/newauto/auto-chery-tiggo-2-1840944.html;10 900 $
Chery Tiggo 2 2020;https://auto.ria.com/newauto/auto-chery-tiggo-2-1785190.html;13 000 $
Chery Tiggo 2 2020;https://auto.ria.com/newauto/auto-chery-tiggo-2-1840942.html;13 000 $
Chery TIggo 8 2020;https://auto.ria.com/newauto/auto-chery-tiggo-8-1813602.html;22 000 $
Chery TIggo 8 2020;https://auto.ria.com/newauto/auto-chery-tiggo-8-1840926.html;23 500 $
Chery Tiggo 2 2020;https://auto.ria.com/newauto/auto-chery-tiggo-2-1739243.html;13 000 $
Chery Tiggo 7 2020;https://auto.ria.com/newauto/auto-chery-tiggo-7-1829403.html;19 300 $
Chery Tiggo 2 2020;https://auto.ria.com/newauto/auto-chery-tiggo-2-1842985.html;12 900 $
Chery TIggo 8 2020;https://auto.ria.com/newauto/auto-chery-tiggo-8-1840857.html;22 000 $
Chery Tiggo 7 2020;https://auto.ria.com/newauto/auto-chery-tiggo-7-1829286.html;16 100 $
Chery TIggo 8 2020;https://auto.ria.com/newauto/auto-chery-tiggo-8-1847684.html;23 500 $
Chery TIggo 8 2020;https://auto.ria.com/newauto/auto-chery-tiggo-8-1847620.html;23 500 $
Chery Tiggo 7 2020;https://auto.ria.com/newauto/auto-chery-tiggo-7-1845663.html;16 100 $
Chery Tiggo 2 2020;https://auto.ria.com/newauto/auto-chery-tiggo-2-1839593.html;12 200 $
Chery Tiggo 7 2020;https://auto.ria.com/newauto/auto-chery-tiggo-7-1840215.html;16 100 $
Chery Tiggo 4 2020;https://auto.ria.com/newauto/auto-chery-tiggo-4-1845660.html;13 900 $
Chery Tiggo 4 2018;https://auto.ria.com/newauto/auto-chery-tiggo-4-1829812.html;18 100 $
Chery Tiggo 7 2020;https://auto.ria.com/newauto/auto-chery-tiggo-7-1845661.html;16 100 $
Chery Tiggo 7 2020;https://auto.ria.com/newauto/auto-chery-tiggo-7-1844981.html;16 100 $
Chery Tiggo 2 2020;https://auto.ria.com/newauto/auto-chery-tiggo-2-1845662.html;10 900 $
Chery TIggo 8 2020;https://auto.ria.com/newauto/auto-chery-tiggo-8-1811475.html;23 500 $
Chery Tiggo 3 2020;https://auto.ria.com/newauto/auto-chery-tiggo-3-1843368.html;13 400 $
Chery Tiggo 2 2020;https://auto.ria.com/newauto/auto-chery-tiggo-2-1841410.html;12 900 $
Chery Tiggo 2 2020;https://auto.ria.com/newauto/auto-chery-tiggo-2-1739244.html;14 000 $
Chery Tiggo 2 2020;https://auto.ria.com/newauto/auto-chery-tiggo-2-1835099.html;13 000 $
Chery Tiggo 2 2020;https://auto.ria.com/newauto/auto-chery-tiggo-2-1840228.html;14 000 $
Chery Tiggo 2 2020;https://auto.ria.com/newauto/auto-chery-tiggo-2-1840225.html;10 900 $
Chery Tiggo 2 2020;https://auto.ria.com/newauto/auto-chery-tiggo-2-1840226.html;12 200 $
Chery TIggo 8 2020;https://auto.ria.com/newauto/auto-chery-tiggo-8-1832116.html;22 000 $
Chery TIggo 8 2020;https://auto.ria.com/newauto/auto-chery-tiggo-8-1840213.html;22 000 $
Chery TIggo 8 2020;https://auto.ria.com/newauto/auto-chery-tiggo-8-1840212.html;20 500 $
Chery Tiggo 2 2020;https://auto.ria.com/newauto/auto-chery-tiggo-2-1840227.html;13 000 $
